name,No Data Processing,No Data Processing,No Data Processing,T+N,T+N,T+N,T+N+PCA,T+N+PCA,T+N+PCA,Using Normalisation,Using Normalisation,Using Normalisation,Using PCA,Using PCA,Using PCA,Using Transform,Using Transform,Using Transform
cluster_size,3,4,5,3,4,5,3,4,5,3,4,5,3,4,5,3,4,5
Silhouette,0.554099977016449,0.4887000024318695,0.48420000076293945,0.44620001316070557,0.4250999987125397,0.36250001192092896,0.44620001316070557,0.4250999987125397,0.36250001192092896,0.445499986410141,0.3993000090122223,0.35499998927116394,0.554099977016449,0.4887000024318695,0.48420000076293945,0.6503000259399414,0.5885000228881836,0.5806999802589417
Calinski-Harabasz,556.841,513.7721,487.0704,223.4591,200.0175,199.3025,223.459,200.0175,199.3024,220.2605,198.7303,194.9616,556.8412,513.7722,487.0705,1138.6493,1222.9414,1353.347
Davies-Bouldin,0.6566,0.7956,0.8207,0.8356,0.8637,0.8962,0.8356,0.8637,0.8962,0.8059,0.9811,0.9465,0.6566,0.7956,0.8207,0.4854,0.5736,0.5969
