name,No Data Processing,No Data Processing,No Data Processing,T+N,T+N,T+N,T+N+PCA,T+N+PCA,T+N+PCA,Using Normalisation,Using Normalisation,Using Normalisation,Using PCA,Using PCA,Using PCA,Using Transform,Using Transform,Using Transform
cluster_size,3,4,5,3,4,5,3,4,5,3,4,5,3,4,5,3,4,5
Silhouette,0.6855000257492065,0.6855000257492065,0.6855000257492065,0.5835999846458435,0.5835999846458435,0.5835999846458435,0.5835999846458435,0.5835999846458435,0.5835999846458435,0.5802000164985657,0.5802000164985657,0.5802000164985657,0.6855000257492065,0.6855000257492065,0.6855000257492065,0.7633000016212463,0.7633000016212463,0.7633000016212463
Calinski-Harabasz,508.8825,508.8825,508.8825,254.447,254.447,254.447,254.4469,254.4469,254.4469,248.9035,248.9035,248.9035,508.8823,508.8823,508.8823,762.9648,762.9648,762.9648
Davies-Bouldin,0.3893,0.3893,0.3893,0.5931,0.5931,0.5931,0.5931,0.5931,0.5931,0.5976,0.5976,0.5976,0.3893,0.3893,0.3893,0.2606,0.2606,0.2606
